{
    "name": "iris",
    "shape": [
        150,
        5
    ],
    "columns": [
        "sepal_length",
        "sepal_width",
        "petal_length",
        "petal_width",
        "species"
    ],
    "dtypes": {
        "sepal_length": "float64",
        "sepal_width": "float64",
        "petal_length": "float64",
        "petal_width": "float64",
        "species": "str"
    },
    "null_counts": {
        "sepal_length": 0,
        "sepal_width": 0,
        "petal_length": 0,
        "petal_width": 0,
        "species": 0
    },
    "sample": {
        "sepal_length": {
            "0": 5.1,
            "1": 4.9,
            "2": 4.7,
            "3": 4.6,
            "4": 5.0
        },
        "sepal_width": {
            "0": 3.5,
            "1": 3.0,
            "2": 3.2,
            "3": 3.1,
            "4": 3.6
        },
        "petal_length": {
            "0": 1.4,
            "1": 1.4,
            "2": 1.3,
            "3": 1.5,
            "4": 1.4
        },
        "petal_width": {
            "0": 0.2,
            "1": 0.2,
            "2": 0.2,
            "3": 0.2,
            "4": 0.2
        },
        "species": {
            "0": "setosa",
            "1": "setosa",
            "2": "setosa",
            "3": "setosa",
            "4": "setosa"
        }
    },
    "statistics": {
        "sepal_length": {
            "count": 150.0,
            "mean": 5.843333333333334,
            "std": 0.828066127977863,
            "min": 4.3,
            "25%": 5.1,
            "50%": 5.8,
            "75%": 6.4,
            "max": 7.9
        },
        "sepal_width": {
            "count": 150.0,
            "mean": 3.0573333333333337,
            "std": 0.4358662849366982,
            "min": 2.0,
            "25%": 2.8,
            "50%": 3.0,
            "75%": 3.3,
            "max": 4.4
        },
        "petal_length": {
            "count": 150.0,
            "mean": 3.7580000000000005,
            "std": 1.7652982332594662,
            "min": 1.0,
            "25%": 1.6,
            "50%": 4.35,
            "75%": 5.1,
            "max": 6.9
        },
        "petal_width": {
            "count": 150.0,
            "mean": 1.1993333333333336,
            "std": 0.7622376689603465,
            "min": 0.1,
            "25%": 0.3,
            "50%": 1.3,
            "75%": 1.8,
            "max": 2.5
        }
    },
    "loaded_at": "2026-07-22 21:42:48.944658"
}